INSERT INTO Customer VALUES
('CU001', 'Ackerley Scott', 'Male', '08125611221', '2002-01-01'),
('CU002', 'Selena Gomez', 'Female', '08125611232', '2001-02-13'),
('CU003', 'Kobe Bryant', 'Male', '08125611243', '2000-03-21'),
('CU004', 'Anthony Davis', 'Male', '08125611254', '2000-04-30'),
('CU005', 'Lebron James', 'Male', '08125611265', '1998-05-09'),
('CU006', 'Jennifer Lopez', 'Female', '08125611276', '1998-06-12'),
('CU007', 'Angelina Jolie', 'Female', '08125611287', '2003-07-02'),
('CU008', 'Scarlett Johansson', 'Female', '08125611298', '2001-08-18'),
('CU009', 'Sandra Bullock', 'Female', '08125611309', '1997-09-11'),
('CU010', 'Hailee Steinfeld', 'Female', '08125611310', '1999-10-04'),
('CU011', 'Carmelo Anthony', 'Male', '08125611311', '1995-11-20'),
('CU012', 'Dwyne Wade', 'Male', '08125611312', '1996-12-15'),
('CU013', 'Anne Mary', 'Female', '08125611313', '1997-01-25'),
('CU014', 'Alvin Armstrong', 'Male', '08125611314', '1998-02-17'),
('CU015', 'Taylor Swift', 'Female', '08125611315', '1999-03-09');

INSERT INTO Staff VALUES
('ST001', 'Kevin Durant', 'Male', '08125611321', '3000000'),
('ST002', 'Michael Jordan', 'Male', '08125611332', '3000000'),
('ST003', 'Kawhi Leonard', 'Male', '08125611343', '3000000'),
('ST004', 'Damian Lillard', 'Male', '08125611354', '3000000'),
('ST005', 'Chris Paul', 'Male', '08125611365', '3000000'),
('ST006', 'Amber Heard', 'Female', '08125611376', '3000000'),
('ST007', 'Megan Fox', 'Female', '08125611387', '3000000'),
('ST008', 'Taylor Swift', 'Female', '08125611398', '3000000'),
('ST009', 'Jessica Alba', 'Female', '08125611409', '3000000'),
('ST010', 'Ariana Grande', 'Female', '08125611410', '3000000'),
('ST011', 'Giannis Antetokounmpo', 'Male', '08125611411', '3000000'),
('ST012', 'Stephen Curry', 'Male', '08125611412', '3000000'),
('ST013', 'Lonzo Ball', 'Male', '08125611413', '3000000'),
('ST014', 'Olivia Rodrigo', 'Female', '08125611414', '3000000'),
('ST015', 'Billie Eilish', 'Female', '08125611415', '3000000');

INSERT INTO Vendor VALUES
('VE001', 'Greenfield', '0217012345', 'Knob Hill Street', 'greenfield@gmail.com'),
('VE002', 'DairyMilk', '0217112346', 'Mincing Lane Street', 'dairymilk@gmail.com'),
('VE003', 'MeatFactory', '0217212347', 'Pennine Way Street', 'meatfactory@gmail.com'),
('VE004', 'EggSupply', '0217312348', 'Yorkshire Tree Street', 'eggsupply@gmail.com'),
('VE005', 'Alpenliebe', '0217412349', 'Dyke Offa Street', 'alpenliebe@gmail.com'),
('VE006', 'MarieRegal', '0217512350', 'CotsWalds Street', 'marieregal@gmail.com'),
('VE007', 'HerbFactory', '0217612351', 'White Hall Street', 'herbfactory@gmail.com'),
('VE008', 'RiceSupply', '0217712352', 'Fleet Street', 'ricesupply@gmail.com'),
('VE009', 'Bogasari', '0217812353', 'King Street', 'bogasari@gmail.com'),
('VE010', 'CocaCola', '0217912354', 'Food Street', 'cocacola@yahoo.com'),
('VE011', 'ElectronicGood', '0217012355', 'Aldwych Street', 'electronicgood@gmail.com'),
('VE012', 'Uniqlo', '0217112356', 'Strawberry Street', 'uniqlo@gmail.com'),
('VE013', 'Aqua', '0217212357', 'Food Street', 'Aqua@yahoo.com'),
('VE014', 'Levis', '0217312358', 'Avocado Street', 'Levis@gmail.com'),
('VE015', 'RayBan', '0217412359', 'Apple Street', 'RayBan@gmail.com');

INSERT INTO ItemType VALUES 
('IP001', 'Milk'),
('IP002', 'Food'),
('IP003', 'Meat'),
('IP004', 'Eggs'),
('IP005', 'Candy'),
('IP006', 'Biscuit'),
('IP007', 'Herbs'),
('IP008', 'Rice'),
('IP009', 'Flour'),
('IP010', 'Drink'),
('IP011', 'Electronic'),
('IP012', 'Shirt'),
('IP013', 'MineralWater'),
('IP014', 'Jeans'),
('IP015', 'Gadgets');

INSERT INTO Item VALUES
('IT001', 'IP001', 'Greenfield Milk', '50000', '5'),
('IT002', 'IP001', 'UltraMilk', '50000', '5'),
('IT003', 'IP001', 'IndoMilk', '50000', '5'),
('IT004', 'IP002', 'Fried Chicken', '20000', '5'),
('IT005', 'IP002', 'Meatballs', '40000', '5'),
('IT006', 'IP002', 'French Fries', '20000', '10'),
('IT007', 'IP002', 'Hamburger', '70000', '3'),
('IT008', 'IP003', 'Wagyu Beef', '150000', '2'),
('IT009', 'IP003', 'Tender Beef', '150000', '2'),
('IT010', 'IP003', 'Chicken Breast', '100000', '5'),
('IT011', 'IP003', 'Tenderloin', '150000', '2'),
('IT012', 'IP004', 'Chicken Egg', '20000', '10'),
('IT013', 'IP004', 'Duck Egg', '30000', '10'),
('IT014', 'IP005', 'Alpenliebe', '10000', '10'),
('IT015', 'IP005', 'Fisherman Friend', '10000', '10'),
('IT016', 'IP006', 'Oreo', '20000', '10'),
('IT017', 'IP007', 'Rosemary', '20000', '10'),
('IT018', 'IP008', 'Red Rice', '100000', '5'),
('IT019', 'IP009', 'Bogasari Kanji Flour', '20000', '7'),
('IT020', 'IP010', 'CocaCola', '20000', '10'),
('IT021', 'IP011', 'LCD TV', '2000000', '5'),
('IT022', 'IP012', 'T-Shirt', '100000', '10'),
('IT023', 'IP013', 'Aqua 250 ml', '10000', '20'),
('IT024', 'IP014', 'Levis Denim', '350000', '5'),
('IT025', 'IP015', 'Ipod 5', '2000000', '3');

INSERT INTO SalesTransaction VALUES 
('SA001', 'ST001', 'CU001', '2019-01-01'),
('SA002', 'ST002', 'CU002', '2019-02-11'),
('SA003', 'ST003', 'CU003', '2019-03-21'),
('SA004', 'ST004', 'CU004', '2019-04-25'),
('SA005', 'ST005', 'CU005', '2019-05-26'),
('SA006', 'ST006', 'CU006', '2019-06-30'),
('SA007', 'ST007', 'CU007', '2020-07-05'),
('SA008', 'ST008', 'CU008', '2020-08-11'),
('SA009', 'ST009', 'CU009', '2020-09-24'),
('SA010', 'ST010', 'CU010', '2020-10-24'),
('SA011', 'ST011', 'CU011', '2020-11-22'),
('SA012', 'ST012', 'CU012', '2021-01-13'),
('SA013', 'ST013', 'CU013', '2021-02-14'),
('SA014', 'ST014', 'CU014', '2021-03-25'),
('SA015', 'ST015', 'CU015', '2021-04-21'),
('SA016', 'ST001', 'CU001', '2021-05-30'),
('SA017', 'ST002', 'CU002', '2021-06-24'),
('SA018', 'ST003', 'CU003', '2022-01-12'),
('SA019', 'ST004', 'CU004', '2022-02-04'),
('SA020', 'ST004', 'CU005', '2022-03-11'),
('SA021', 'ST006', 'CU006', '2022-04-15'),
('SA022', 'ST007', 'CU007', '2022-05-07'),
('SA023', 'ST008', 'CU008', '2022-06-12'),
('SA024', 'ST009', 'CU009', '2022-07-23'),
('SA025', 'ST010', 'CU010', '2022-08-08');

INSERT INTO SalesDetail VALUES 
('SA001', 'IT001', '10'),
('SA002', 'IT002', '15'),
('SA003', 'IT003', '20'),
('SA004', 'IT004', '20'),
('SA005', 'IT005', '17'),
('SA006', 'IT006', '19'),
('SA007', 'IT007', '15'),
('SA008', 'IT008', '30'),
('SA009', 'IT009', '21'),
('SA010', 'IT010', '13'),
('SA011', 'IT011', '14'),
('SA012', 'IT012', '14'),
('SA013', 'IT013', '14'),
('SA014', 'IT014', '14'),
('SA015', 'IT015', '19'),
('SA016', 'IT016', '10'),
('SA017', 'IT017', '12'),
('SA018', 'IT018', '10'),
('SA019', 'IT019', '13'),
('SA020', 'IT020', '13'),
('SA021', 'IT021', '10'),
('SA022', 'IT022', '27'),
('SA023', 'IT023', '25'),
('SA024', 'IT024', '15'),
('SA025', 'IT025', '15');


INSERT INTO PurchaseTransaction VALUES
('PH001','ST004','VE008', '2020-11-03'),
('PH002','ST003','VE002', '2020-11-03'),
('PH003','ST006','VE004', '2020-11-05'),
('PH004','ST001','VE009', '2020-11-10'),
('PH005','ST013','VE010', '2020-11-19'),
('PH006','ST007','VE010', '2020-12-01'),
('PH007','ST001','VE003', '2020-12-25'),
('PH008','ST002','VE001', '2020-12-12'),
('PH009','ST009','VE005', '2021-01-22'),
('PH010','ST002','VE006', '2021-02-02'),
('PH011','ST012','VE007', '2021-02-25'),
('PH012','ST005','VE011', '2021-03-08'),
('PH013','ST012','VE013', '2021-03-12'),
('PH014','ST011','VE015', '2021-04-09'),
('PH015','ST014','VE012', '2021-05-10'),
('PH016','ST006','VE001', '2021-05-27'),
('PH017','ST007','VE005', '2021-06-09'),
('PH018','ST009','VE004', '2021-06-23'),
('PH019','ST003','VE007', '2021-07-13'),
('PH020','ST006','VE009', '2021-08-15'),
('PH021','ST002','VE004', '2021-09-05'),
('PH022','ST015','VE011', '2021-10-07'),
('PH023','ST008','VE006', '2021-11-03'),
('PH024','ST004','VE010', '2021-11-26'),
('PH025','ST012','VE014', '2021-12-15');

INSERT INTO PurchaseDetail VALUES 
('PH001', 'IT001','2020-11-09', '150'),
('PH002', 'IT002','2021-01-23', '200'),
('PH003', 'IT003','2021-01-22', '130'),
('PH004', 'IT004','2021-01-25', '190'),
('PH005', 'IT005','2021-01-26', '500'),
('PH006', 'IT006','', '140'),
('PH007', 'IT007','2020-12-29', '140'),
('PH008', 'IT008','2021-02-13', '120'),
('PH009', 'IT009','2021-02-21', '170'),
('PH010', 'IT006','', '130'),
('PH011', 'IT011','2021-02-28', '210'),
('PH012', 'IT012','2021-04-15', '150'),
('PH013', 'IT013','2021-03-15', '150'),
('PH014', 'IT014','2021-04-21', '190'),
('PH015', 'IT015','2021-06-26', '300'),
('PH016', 'IT016','', '140'),
('PH017', 'IT017','2021-07-13', '170'),
('PH018', 'IT018','2021-07-19', '130'),
('PH019', 'IT019','2021-07-17', '110'),
('PH020', 'IT020','2021-09-11', '100'),
('PH021', 'IT021','2021-09-13', '100'),
('PH022', 'IT022','2021-10-12', '200'),
('PH023', 'IT023','2021-11-21', '200'),
('PH024', 'IT024','2021-12-25', '200'),
('PH025', 'IT025','2022-05-15', '200');




